{"cameraMode":{"drawMode":0,"name":"Shaded","section":"Shading Mode"},"sceneLighting":true,"audioPlay":false,"sceneViewState":{"showFog":true,"showMaterialUpdate":false,"showSkybox":true,"showFlares":true,"showImageEffects":true,"showParticleSystems":true,"showVisualEffectGraphs":true,"m_FxEnabled":true},"in2DMode":false,"pivot":{"x":0.15467485785484315,"y":-0.9572029113769531,"z":4.557131290435791},"rotation":{"x":-0.2579819858074188,"y":-0.02318672090768814,"z":0.006191541440784931,"w":-0.9658512473106384},"size":7.627079963684082,"orthographic":false}