{"cameraMode":{"drawMode":0,"name":"Shaded","section":"Shading Mode"},"sceneLighting":true,"audioPlay":false,"sceneViewState":{"showFog":true,"showMaterialUpdate":false,"showSkybox":true,"showFlares":true,"showImageEffects":true,"showParticleSystems":true,"showVisualEffectGraphs":true,"m_FxEnabled":true},"in2DMode":false,"pivot":{"x":39.83000183105469,"y":-110.61277770996094,"z":354.11480712890627},"rotation":{"x":0.15882885456085206,"y":0.03583522140979767,"z":-0.005768529139459133,"w":0.9866405129432678},"size":192.635498046875,"orthographic":false}