{"cameraMode":{"drawMode":0,"name":"Shaded","section":"Shading Mode"},"sceneLighting":true,"audioPlay":false,"sceneViewState":{"showFog":true,"showMaterialUpdate":false,"showSkybox":true,"showFlares":true,"showImageEffects":true,"showParticleSystems":true,"showVisualEffectGraphs":true,"m_FxEnabled":true},"in2DMode":false,"pivot":{"x":8.386320114135743,"y":25.748687744140626,"z":-35.13531494140625},"rotation":{"x":-0.33253729343414309,"y":0.016498815268278123,"z":-0.0055171167477965359,"w":-0.9430159330368042},"size":5.4662275314331059,"orthographic":false}