{"cameraMode":{"drawMode":0,"name":"Shaded","section":"Shading Mode"},"sceneLighting":true,"audioPlay":false,"sceneViewState":{"showFog":true,"showMaterialUpdate":false,"showSkybox":true,"showFlares":true,"showImageEffects":true,"showParticleSystems":true,"showVisualEffectGraphs":true,"m_FxEnabled":true},"in2DMode":false,"pivot":{"x":-8.774479866027832,"y":1.9343942403793336,"z":-29.103425979614259},"rotation":{"x":-0.14161457121372224,"y":0.042176008224487308,"z":-0.005925347097218037,"w":-0.989050030708313},"size":12.12435531616211,"orthographic":false}