{"cameraMode":{"drawMode":0,"name":"Shaded","section":"Shading Mode"},"sceneLighting":true,"audioPlay":false,"sceneViewState":{"m_AlwaysRefresh":false,"showFog":true,"showSkybox":true,"showFlares":true,"showImageEffects":true,"showParticleSystems":true,"showVisualEffectGraphs":true,"m_FxEnabled":true},"in2DMode":false,"pivot":{"x":4.054802894592285,"y":87.38933563232422,"z":275.17205810546877},"rotation":{"x":-0.06652937829494477,"y":-0.02517605759203434,"z":-0.001424634363502264,"w":0.9975214004516602},"size":225.54940795898438,"orthographic":false}