{"cameraMode":{"drawMode":0,"name":"Shaded","section":"Shading Mode"},"sceneLighting":true,"audioPlay":false,"sceneViewState":{"showFog":true,"showMaterialUpdate":false,"showSkybox":true,"showFlares":true,"showImageEffects":true,"showParticleSystems":true,"showVisualEffectGraphs":true,"m_FxEnabled":true},"in2DMode":false,"pivot":{"x":15.186102867126465,"y":10.16214656829834,"z":-6.574764251708984},"rotation":{"x":0.3934236168861389,"y":-0.019875584170222284,"z":0.008257199078798294,"w":0.9192259311676025},"size":9.635629653930664,"orthographic":false}