{"cameraMode":{"drawMode":0,"name":"Shaded","section":"Shading Mode"},"sceneLighting":true,"audioPlay":false,"sceneViewState":{"showFog":true,"showMaterialUpdate":false,"showSkybox":true,"showFlares":true,"showImageEffects":true,"showParticleSystems":true,"showVisualEffectGraphs":true,"m_FxEnabled":true},"in2DMode":false,"pivot":{"x":-1.7509870529174805,"y":0.5255794525146484,"z":7.284865856170654},"rotation":{"x":-0.09863995760679245,"y":0.10042905807495117,"z":-0.010008939541876316,"w":-0.9899885058403015},"size":7.627079963684082,"orthographic":false}