{"cameraMode":{"drawMode":0,"name":"Shaded","section":"Shading Mode"},"sceneLighting":true,"audioPlay":false,"sceneViewState":{"m_AlwaysRefresh":false,"showFog":true,"showSkybox":true,"showFlares":true,"showImageEffects":true,"showParticleSystems":true,"showVisualEffectGraphs":true,"m_FxEnabled":true},"in2DMode":false,"pivot":{"x":23.052669525146486,"y":-984.2412719726563,"z":926.5465698242188},"rotation":{"x":-0.39400288462638857,"y":-0.011004079133272171,"z":0.004805023316293955,"w":-0.9190710186958313},"size":707.3421020507813,"orthographic":false}