{"cameraMode":{"drawMode":0,"name":"Shaded","section":"Shading Mode"},"sceneLighting":true,"audioPlay":false,"sceneViewState":{"showFog":true,"showMaterialUpdate":false,"showSkybox":true,"showFlares":true,"showImageEffects":true,"showParticleSystems":true,"showVisualEffectGraphs":true,"m_FxEnabled":true},"in2DMode":false,"pivot":{"x":-2.9381673336029054,"y":-0.2951684594154358,"z":4.72167444229126},"rotation":{"x":-0.09794054180383682,"y":-0.014323845505714417,"z":0.0014330800622701645,"w":-0.9950742721557617},"size":17.828712463378908,"orthographic":false}