{"cameraMode":{"drawMode":0,"name":"Shaded","section":"Shading Mode"},"sceneLighting":true,"audioPlay":false,"sceneViewState":{"m_AlwaysRefresh":false,"showFog":true,"showSkybox":true,"showFlares":true,"showImageEffects":true,"showParticleSystems":true,"showVisualEffectGraphs":true,"m_FxEnabled":true},"in2DMode":false,"pivot":{"x":2.954996109008789,"y":-2.509918212890625,"z":-14.683561325073243},"rotation":{"x":-0.27855148911476138,"y":-0.012391854077577591,"z":0.0035950159654021265,"w":-0.9603363871574402},"size":19.009462356567384,"orthographic":false}