{"cameraMode":{"drawMode":0,"name":"Shaded","section":"Shading Mode"},"sceneLighting":true,"audioPlay":false,"sceneViewState":{"showFog":true,"showMaterialUpdate":false,"showSkybox":true,"showFlares":true,"showImageEffects":true,"showParticleSystems":true,"showVisualEffectGraphs":true,"m_FxEnabled":true},"in2DMode":false,"pivot":{"x":1.2114858627319337,"y":12.30933666229248,"z":-23.431610107421876},"rotation":{"x":-0.39046144485473635,"y":0.004997006617486477,"z":-0.002040210412815213,"w":-0.9206720590591431},"size":3.966226577758789,"orthographic":false}