{"cameraMode":{"drawMode":0,"name":"Shaded","section":"Shading Mode"},"sceneLighting":true,"audioPlay":false,"sceneViewState":{"showFog":true,"showMaterialUpdate":false,"showSkybox":true,"showFlares":true,"showImageEffects":true,"showParticleSystems":true,"showVisualEffectGraphs":true,"m_FxEnabled":true},"in2DMode":false,"pivot":{"x":15.131915092468262,"y":-0.6759586334228516,"z":7.072393417358398},"rotation":{"x":-0.21286040544509889,"y":0.011132875457406044,"z":-0.002441496355459094,"w":-0.9770441651344299},"size":10.811710357666016,"orthographic":false}