{"cameraMode":{"drawMode":0,"name":"Shaded","section":"Shading Mode"},"sceneLighting":true,"audioPlay":false,"sceneViewState":{"showFog":true,"showMaterialUpdate":false,"showSkybox":true,"showFlares":true,"showImageEffects":true,"showParticleSystems":true,"showVisualEffectGraphs":true,"m_FxEnabled":true},"in2DMode":false,"pivot":{"x":2.1547489166259767,"y":0.4518699645996094,"z":-14.518758773803711},"rotation":{"x":-0.31038230657577517,"y":-0.007979079149663449,"z":0.002615228295326233,"w":-0.9505641460418701},"size":14.306670188903809,"orthographic":false}